date,ind,ind_d
2,-0.4042386,-0.1713364
3,-0.4620431,-0.0578045
4,-0.4496387,0.0124044
5,-0.3362851,0.1133537
6,-0.2741836,0.0621015
7,-0.3258061,-0.0516225
8,-0.1971324,0.1286737
9,-0.0686069,0.1285255
10,-0.1187423,-0.0501354
11,-0.0839144,0.0348279
12,0.0032129,0.0871274
13,0.1282308,0.1250179
14,0.0338256,-0.0944052
15,0.0960753,0.0622497
16,0.0786547,-0.0174205
17,0.0671204,-0.0115344
18,0.0187339,-0.0483865
19,-0.0383712,-0.0571051
20,0.0813178,0.119689
21,-0.184813,-0.2661308
22,-0.1792321,0.0055809
23,-0.1456901,0.033542
24,-0.0276182,0.118072
25,-0.153339,-0.1257209
26,-0.2643585,-0.1110195
27,-0.3123809,-0.0480224
28,-0.5426285,-0.2302476
29,-0.3879551,0.1546734
30,-0.3093701,0.078585
31,-0.44657,-0.1371999
32,-0.5330026,-0.0864325
33,-0.4182081,0.1147945
34,-0.305489,0.1127191
35,-0.4712669,-0.1657779
36,-0.3114968,0.1597701
37,-0.1374131,0.1740836
38,-0.1778563,-0.0404432
39,-0.0964696,0.0813867
40,-0.1241135,-0.0276438
41,0.1249744,0.2490879
42,-0.0486369,-0.1736113
43,0.02659,0.0752269
44,0.150663,0.124073
45,0.0618902,-0.0887728
46,0.1660192,0.104129
47,0.054955,-0.1110643
48,0.2581976,0.2032426
49,0.0896223,-0.1685753
50,0.2620525,0.1724302
51,0.2274663,-0.0345862
52,0.23469,0.0072237
53,0.0434502,-0.1912398
54,0.2841792,0.240729
55,0.1732187,-0.1109605
56,0.3876331,0.2144145
57,0.6440367,0.2564035
58,0.7137571,0.0697204
59,0.6478938,-0.0658633
60,0.8152012,0.1673073
61,0.9096061,0.0944049
62,0.922237,0.0126309
63,0.9232191,0.0009821
64,1.163615,0.2403955
65,1.15255,-0.0110642
66,1.133425,-0.0191252
67,1.160403,0.0269778
68,1.502121,0.3417178
69,1.407909,-0.0942115
70,1.363948,-0.0439612
71,1.546206,0.1822579
72,1.51511,-0.031096
73,1.32468,-0.1904297
74,1.255382,-0.0692987
75,1.400266,0.1448842
76,1.291245,-0.1090212
77,1.306398,0.0151535
78,1.007063,-0.2993351
79,1.124125,0.1170614
80,1.173674,0.0495491
81,1.283139,0.1094651
82,1.342452,0.0593137
83,1.328188,-0.0142641
84,1.440299,0.1121111
85,1.316698,-0.1236013
86,1.381774,0.0650758
87,1.559025,0.1772512
88,1.776267,0.2172424
89,1.775655,-0.0006127
90,1.834156,0.058501
91,1.847826,0.0136702
92,1.922004,0.0741782
93,1.970435,0.0484309
94,2.072209,0.1017741
95,2.098956,0.026747
96,2.195479,0.0965233
97,2.160391,-0.0350881
98,2.342142,0.181751
99,2.338978,-0.0031641
100,2.312096,-0.0268826
101,2.192605,-0.1194906
102,2.397467,0.2048621
103,2.38518,-0.0122871
104,2.469651,0.084471
105,2.269097,-0.2005537
106,2.448175,0.1790781
107,2.374699,-0.0734766
108,2.453837,0.0791378
109,2.49567,0.0418332
110,2.685838,0.1901681
111,2.75858,0.0727422
112,2.551102,-0.2074785
113,2.563294,0.0121927
114,2.544905,-0.0183892
115,2.446682,-0.0982232
116,2.291857,-0.1548245
117,2.320417,0.0285599
118,2.403358,0.0829411
119,2.12966,-0.2736986
120,2.272324,0.1426642
121,2.350694,0.0783701
122,2.31668,-0.0340145
123,2.221541,-0.0951383
124,2.47869,0.257149
125,2.453557,-0.0251329
126,2.219273,-0.2342846
127,2.112915,-0.1063581
128,2.066688,-0.0462265
129,2.064521,-0.0021677
130,1.989479,-0.0750414
131,1.829971,-0.1595086
132,1.807719,-0.0222517
133,1.717509,-0.0902096
134,1.744537,0.0270275
135,1.571973,-0.1725634
136,1.66443,0.0924566
137,1.565886,-0.0985442
138,1.557119,-0.0087667
139,1.685441,0.1283215
140,1.580895,-0.1045454
141,1.582285,0.0013902
142,1.687847,0.1055615
143,1.635103,-0.0527444
144,1.561592,-0.073511
145,1.685439,0.1238477
146,1.802422,0.1169828
147,1.544237,-0.2581846
148,1.360506,-0.1837313
149,1.34518,-0.015326
150,1.331262,-0.0139182
151,1.442938,0.1116765
152,1.275377,-0.1675618
153,1.366786,0.0914093
154,1.576922,0.2101363
155,1.512582,-0.0643407
156,1.515828,0.0032459
157,1.484987,-0.0308406
158,1.51726,0.0322729
159,1.477079,-0.0401812
160,1.581813,0.1047345
161,1.391701,-0.1901119
162,1.479074,0.0873729
163,1.389053,-0.090021
164,1.597685,0.2086314
165,1.544773,-0.0529113
166,1.759148,0.2143744
167,1.57424,-0.1849079
168,1.629474,0.0552343
169,1.684933,0.055459
170,1.63191,-0.0530233
171,1.903316,0.2714067
172,1.887126,-0.0161909
173,1.741179,-0.1459464
174,1.996984,0.2558049
175,1.700444,-0.2965404
176,1.847805,0.1473613
177,1.776483,-0.0713222
178,1.867002,0.0905194
179,1.591507,-0.2754956
180,1.996289,0.4047821
181,1.885799,-0.1104901
182,1.840166,-0.0456326
183,1.506117,-0.3340492
184,1.538405,0.0322881
185,1.560752,0.0223472
186,1.690923,0.1301709
187,1.382749,-0.3081739
188,1.466686,0.0839373
189,1.575507,0.108821
190,1.488,-0.0875076
191,1.490019,0.0020192
192,1.505533,0.0155135
193,1.57835,0.0728178
194,1.537103,-0.0412472
195,1.400751,-0.1363519
196,1.375836,-0.0249146
197,1.467484,0.0916471
198,1.336433,-0.1310511
199,1.284939,-0.0514935
200,1.345263,0.060324
201,1.068969,-0.2762936
202,0.9809655,-0.0880039
203,1.307996,0.3270307
204,1.366737,0.0587413
205,1.317193,-0.0495447
206,1.235536,-0.0816573
207,1.13051,-0.1050251
208,1.052205,-0.0783056
209,1.014897,-0.0373076
210,1.080574,0.0656768
211,1.107271,0.0266967
212,1.189262,0.0819913
213,1.221162,0.0319
214,1.275626,0.0544643
215,0.9611486,-0.3144778
216,1.158051,0.1969028
217,1.137393,-0.020658
218,0.9142103,-0.223183
219,0.8282554,-0.0859549
220,1.109431,0.2811754
221,0.7559843,-0.3534465
222,0.6220537,-0.1339306
223,0.7706259,0.1485722
224,0.8092983,0.0386724
225,0.6842423,-0.125056
226,0.3150055,-0.3692368
227,0.5574762,0.2424707
228,0.5192558,-0.0382205
229,0.6035008,0.084245
230,0.5737975,-0.0297033
231,0.6779062,0.1041088
232,0.4292755,-0.2486307
233,0.3786494,-0.0506261
234,0.5688749,0.1902255
235,0.5165122,-0.0523627
236,0.6767406,0.1602284
237,0.3251166,-0.3516241
238,0.4039752,0.0788587
239,0.5526813,0.148706
240,0.3338504,-0.2188309
241,0.5678371,0.2339867
242,0.4015981,-0.166239
243,0.3083939,-0.0932042
244,0.9669372,0.6585433
245,1.482837,0.5159002
246,1.59635,0.1135123
247,1.492603,-0.1037469
248,1.858942,0.3663394
249,1.838961,-0.0199816
250,1.990582,0.1516212
251,1.929304,-0.061278
252,2.088514,0.1592104
253,1.870856,-0.2176584
254,2.055286,0.1844298
255,1.91286,-0.1424257
256,1.832091,-0.0807694
257,1.910119,0.0780286
258,2.019387,0.1092683
259,1.72058,-0.298807
260,1.654314,-0.0662663
261,1.984334,0.3300201
262,1.972153,-0.0121815
263,2.052224,0.0800714
264,1.930973,-0.1212513
265,2.007086,0.0761132
266,1.842025,-0.1650611
267,1.912865,0.0708401
268,1.84005,-0.0728149
269,1.800171,-0.0398787
270,2.246153,0.4459815
271,2.125532,-0.1206205
272,2.017325,-0.1082072
273,2.010811,-0.0065138
274,2.00042,-0.0103917
275,2.206394,0.2059746
276,2.287737,0.0813429
277,2.260611,-0.0271263
278,2.622596,0.3619854
279,2.410905,-0.2116914
280,2.212487,-0.1984184
281,1.677737,-0.5347494
282,1.680008,0.0022705
283,1.485878,-0.1941292
284,1.668701,0.1828225
285,1.54448,-0.1242208
286,1.746153,0.2016735
287,1.602939,-0.1432142
288,1.704338,0.1013985
289,1.544709,-0.1596289
290,1.649613,0.1049038
291,1.547039,-0.1025741
292,1.298658,-0.248381
293,1.628362,0.329704
294,1.59138,-0.0369811
295,1.509086,-0.0822942
296,1.200631,-0.3084556
297,1.207486,0.0068555
298,1.258057,0.0505707
299,1.23286,-0.0251966
300,1.395506,0.1626461
301,1.517491,0.1219844
302,1.463706,-0.0537845
303,1.021476,-0.4422303
304,1.073607,0.0521308
305,1.217163,0.1435567
306,0.9379525,-0.279211
307,1.177602,0.2396491
308,1.098122,-0.0794791
309,1.128233,0.030111
310,1.052676,-0.0755578
311,1.154532,0.1018567
312,1.00484,-0.1496919
313,0.9459276,-0.0589128
314,1.125498,0.1795701
315,1.086359,-0.0391386
316,1.395583,0.3092238
317,1.380598,-0.014985
318,1.20421,-0.1763877
319,1.302782,0.0985715
320,1.303833,0.0010508
321,1.232339,-0.0714937
322,1.381061,0.1487225
323,1.33231,-0.0487514
324,1.666384,0.3340739
325,1.574573,-0.0918106
326,1.557358,-0.0172158
327,1.766956,0.2095983
328,1.8239,0.0569439
329,1.598783,-0.2251172
330,1.639273,0.0404909
331,1.73346,0.0941864
332,1.718415,-0.0150452
333,1.698748,-0.0196664
334,1.752047,0.0532985
335,1.921475,0.1694279
336,1.811851,-0.1096232
337,1.806447,-0.0054048
338,1.667168,-0.1392781
339,1.848314,0.1811459
340,1.775156,-0.0731587
341,1.736076,-0.0390797
342,1.711684,-0.0243918
343,1.731709,0.020025
344,1.856167,0.1244581
345,1.788921,-0.0672468
346,1.867606,0.0786853
347,1.832421,-0.0351845
348,1.780862,-0.0515593
349,1.824558,0.043696
350,1.812925,-0.0116334
351,1.97572,0.1627955
352,1.95272,-0.0230006
353,1.870785,-0.081935
354,1.982558,0.1117737
355,1.85507,-0.1274887
356,1.885096,0.0300268
357,1.919624,0.0345275
358,1.815521,-0.1041026
359,1.78924,-0.0262812
360,1.895704,0.1064643
361,1.763164,-0.1325406
362,1.67092,-0.0922438
363,1.643221,-0.0276988
364,1.210645,-0.4325759
365,1.21845,0.0078051
366,1.191594,-0.0268567
367,1.258272,0.0666788
368,1.191455,-0.0668175
369,1.060871,-0.1305844
370,1.150912,0.0900415
371,1.035728,-0.1151843
372,1.131907,0.0961796
373,1.161496,0.0295883
374,1.154734,-0.0067617
375,1.187754,0.0330195
376,1.221525,0.0337719
377,1.208136,-0.0133893
378,1.27214,0.0640037
379,1.189886,-0.0822538
380,1.175205,-0.0146811
381,1.22693,0.051725
382,1.03974,-0.1871895
383,1.02064,-0.0191002
384,1.081908,0.0612676
385,1.183468,0.1015606
386,0.938776,-0.2446924
387,0.9011287,-0.0376473
388,0.9119986,0.0108699
389,0.839716,-0.0722826
390,0.8766556,0.0369396
391,0.6587501,-0.2179055
392,0.7258759,0.0671258
393,0.7389655,0.0130896
394,0.5905963,-0.1483693
395,0.5357121,-0.0548842
396,0.538821,0.003109
397,0.5804685,0.0416475
398,0.650314,0.0698454
399,0.6413957,-0.0089182
400,0.6449271,0.0035314
401,0.7101331,0.065206
402,0.7211085,0.0109754
403,0.7628975,0.041789
404,0.6684256,-0.0944719
405,0.7208763,0.0524507
406,0.7863607,0.0654844
407,0.8696112,0.0832505
408,0.5299504,-0.3396608
409,0.5988016,0.0688511
410,0.5927469,-0.0060546
411,0.6528675,0.0601206
412,0.4992988,-0.1535687
413,0.7215044,0.2222056
414,0.7940641,0.0725597
415,0.7820756,-0.0119885
416,0.6663759,-0.1156996
417,0.6949663,0.0285903
418,0.751474,0.0565077
419,0.635441,-0.116033
420,0.7209201,0.0854791
421,0.7164966,-0.0044235
422,0.614631,-0.1018656
423,0.7679607,0.1533297
424,0.5437683,-0.2241924
425,0.5312629,-0.0125054
426,0.7337429,0.20248
427,0.625821,-0.1079219
428,0.6621082,0.0362872
429,0.3516789,-0.3104294
430,0.6078656,0.2561868
431,0.6524901,0.0446244
432,0.6143139,-0.0381762
433,0.5112904,-0.1030235
434,0.3875771,-0.1237133
435,0.2645803,-0.1229968
436,0.4488504,0.1842701
437,0.4656919,0.0168414
438,0.2258736,-0.2398183
439,0.1487631,-0.0771105
440,0.4097368,0.2609736
441,0.4078786,-0.0018582
442,0.408724,0.0008454
443,0.2768361,-0.131888
444,0.4601266,0.1832905
445,0.1823621,-0.2777645
446,0.2740562,0.0916941
447,-0.0338303,-0.3078865
448,0.1278967,0.161727
449,0.0484331,-0.0794635
450,0.086323,0.0378899
451,-0.1475833,-0.2339063
452,-0.0661842,0.0813991
453,-0.2289097,-0.1627255
454,-0.2663721,-0.0374624
455,-0.1237526,0.1426194
456,-0.0915614,0.0321912
457,-0.1332485,-0.0416871
458,-0.1207252,0.0125233
459,-0.2173682,-0.0966431
460,-0.1554776,0.0618906
461,-0.2352353,-0.0797577
462,-0.1866231,0.0486122
463,-0.337737,-0.1511139
464,-0.1800733,0.1576637
465,-0.3001014,-0.1200281
466,-0.4011245,-0.1010231
467,-0.2952094,0.105915
468,-0.3025745,-0.007365
469,-0.2082767,0.0942978
470,-0.320483,-0.1122063
471,-0.4133911,-0.0929081
472,-0.2076178,0.2057733
473,-0.3703247,-0.1627069
474,-0.343008,0.0273167
475,-0.3019928,0.0410151
476,-0.2816448,0.0203481
477,-0.136879,0.1447658
478,-0.2597072,-0.1228282
479,-0.2212652,0.0384419
480,-0.2313431,-0.0100779
481,-0.3751581,-0.143815
482,-0.1990514,0.1761068
483,-0.2294841,-0.0304327
484,-0.3373548,-0.1078707
485,-0.1491164,0.1882384
486,-0.2370578,-0.0879414
487,-0.313423,-0.0763652
488,-0.2996293,0.0137937
489,-0.6467514,-0.3471221
490,-0.6261702,0.0205812
491,-0.5160737,0.1100965
492,-0.4640589,0.0520148
493,-0.5365953,-0.0725364
494,-0.4501931,0.0864022
495,-0.5386546,-0.0884615
496,-0.5449696,-0.006315
497,-0.5396897,0.0052799
498,-0.6877254,-0.1480357
499,-0.5717593,0.1159661
500,-0.6225588,-0.0507994
501,-0.4428654,0.1796934
502,-0.6109361,-0.1680707
503,-0.5325568,0.0783793
504,-0.5347615,-0.0022047
505,-0.5241543,0.0106072
506,-0.5402716,-0.0161173
507,-0.5725552,-0.0322836
508,-0.5313438,0.0412115
509,-0.4237786,0.1075652
510,-0.6630891,-0.2393105
511,-0.5835436,0.0795455
512,-0.4755342,0.1080094
513,-0.4592109,0.0163233
514,-0.4363357,0.0228752
515,-0.5954618,-0.1591261
516,-0.4305643,0.1648975
517,-0.5586603,-0.128096
518,-0.457082,0.1015783
519,-0.2879545,0.1691276
520,-0.2257819,0.0621726
521,-0.2497219,-0.0239401
522,-0.137807,0.111915
523,-0.0773459,0.060461
524,-0.138209,-0.0608631
525,-0.2308811,-0.0926721
526,-0.250778,-0.0198969
527,-0.0606864,0.1900916
528,-0.1461722,-0.0854857
529,-0.1637015,-0.0175294
530,-0.0877807,0.0759208
531,-0.1818936,-0.0941128
532,-0.1449216,0.036972
533,-0.4542591,-0.3093375
534,-0.2581849,0.1960741
535,-0.1641709,0.094014
536,-0.1762601,-0.0120892
537,-0.2028467,-0.0265866
538,-0.0724939,0.1303527
539,0.0428974,0.1153913
540,0.0407098,-0.0021876
541,-0.1203627,-0.1610725
542,-0.0822931,0.0380696
543,0.0555682,0.1378614
544,0.0482621,-0.0073062
545,0.048543,0.0002809
546,-0.0619016,-0.1104445
547,-0.0196097,0.0422919
548,-0.3338701,-0.3142604
549,-0.1101075,0.2237626
550,-0.1857155,-0.075608
551,-0.1595425,0.026173
552,-0.3694402,-0.2098977
553,-0.2054198,0.1640204
554,-0.23836,-0.0329402
555,-0.3518366,-0.1134766
556,-0.2648105,0.0870261
557,-0.312528,-0.0477175
558,-0.3278347,-0.0153067
559,-0.2678528,0.0599819
560,-0.2453471,0.0225057
561,-0.3374245,-0.0920775
562,-0.3203108,0.0171137
563,-0.297702,0.0226088
564,-0.3772995,-0.0795975
565,-0.2413188,0.1359807
566,-0.2050185,0.0363003
567,-0.2764211,-0.0714026
568,-0.2691665,0.0072546
569,-0.3263609,-0.0571944
570,-0.3476032,-0.0212423
571,-0.4860912,-0.138488
572,-0.5089135,-0.0228223
573,-0.6280468,-0.1191333
574,-0.5572778,0.070769
575,-0.3922466,0.1650312
576,-0.563357,-0.1711104
577,-0.3567277,0.2066292
578,-0.4139434,-0.0572156
579,-0.4209109,-0.0069675
580,-0.6433921,-0.2224812
581,-0.6337679,0.0096242
582,-0.7032288,-0.0694609
583,-0.7289697,-0.0257409
584,-0.5911845,0.1377852
585,-0.6459493,-0.0547648
586,-0.4509737,0.1949756
587,-0.5316041,-0.0806304
588,-0.3765295,0.1550747
589,-0.4448059,-0.0682764
590,-0.5802413,-0.1354354
591,-0.3535169,0.2267244
592,-0.428039,-0.0745221
593,-0.3931712,0.0348678
594,-0.3485966,0.0445746
595,-0.2717303,0.0768663
596,-0.2595938,0.0121365
597,-0.3062739,-0.0466801
598,-0.3708852,-0.0646113
599,-0.2066803,0.1642048
600,-0.3270952,-0.1204148
601,-0.359227,-0.0321319
602,-0.4748894,-0.1156623
603,-0.4563394,0.0185499
604,-0.4170353,0.0393041
605,-0.3423095,0.0747258
606,-0.3938749,-0.0515653
607,-0.333738,0.0601369
608,-0.4894929,-0.1557549
609,-0.403276,0.0862169
610,-0.5936514,-0.1903754
611,-0.5197501,0.0739014
612,-0.5733697,-0.0536197
613,-0.5469036,0.0264661
614,-0.5231535,0.0237501
615,-0.5346459,-0.0114924
616,-0.5162708,0.0183751
617,-0.4825136,0.0337572
618,-0.6190029,-0.1364893
619,-0.5776823,0.0413206
620,-0.6899977,-0.1123154
621,-0.6435859,0.0464118
622,-0.6323999,0.011186
623,-0.7374031,-0.1050032
624,-0.7077559,0.0296472
625,-0.7923803,-0.0846244
626,-0.7591808,0.0331995
627,-0.7881043,-0.0289235
628,-0.7078831,0.0802212
629,-0.6140584,0.0938246
630,-0.6383505,-0.0242921
631,-0.7796325,-0.141282
632,-0.7507737,0.0288588
633,-0.8670987,-0.116325
634,-0.6707121,0.1963866
635,-0.6928483,-0.0221362
636,-0.6895818,0.0032666
637,-0.6150782,0.0745035
638,-0.5834274,0.0316508
639,-0.5010094,0.082418
640,-0.4300898,0.0709196
641,-0.3415817,0.0885081
642,-0.5371266,-0.1955449
643,-0.4163496,0.120777
644,-0.3917929,0.0245568
645,-0.3616957,0.0300972
646,-0.4448206,-0.0831249
647,-0.5724491,-0.1276286
648,-0.4292688,0.1431804
649,-0.3258326,0.1034362
650,-0.2429965,0.0828361
651,-0.1157447,0.1272518
652,0.0015234,0.1172681
653,0.0717135,0.0701901
654,0.0221201,-0.0495933
655,-0.0645524,-0.0866725
656,-0.0274155,0.0371368
657,-0.048449,-0.0210334
658,0.0178336,0.0662826
659,0.1253225,0.1074888
660,0.08692,-0.0384025
661,0.022688,-0.0642319
662,0.1308062,0.1081182
663,0.0754416,-0.0553646
664,-0.0039317,-0.0793733
665,-0.0209952,-0.0170634
666,0.0430611,0.0640563
667,0.1016942,0.0586331
668,0.0744968,-0.0271974
669,0.0751458,0.0006489
670,0.0520117,-0.023134
671,-0.0232036,-0.0752153
672,0.0141423,0.0373459
673,-0.24228,-0.2564223
674,-0.0485282,0.1937518
675,-0.0108538,0.0376744
676,-0.0327048,-0.0218509
677,-0.0278058,0.004899
678,-0.1557893,-0.1279835
679,-0.0875947,0.0681946
680,-0.0649937,0.022601
681,-0.0962162,-0.0312225
682,-0.1542622,-0.058046
683,-0.0538821,0.1003801
684,-0.123375,-0.0694929
685,-0.147285,-0.02391
686,-0.1900338,-0.0427488
687,-0.2180709,-0.0280371
688,-0.4222116,-0.2041407
689,-0.2991632,0.1230484
690,-0.2895406,0.0096225
691,-0.2978358,-0.0082952
692,-0.4581036,-0.1602677
693,-0.5159895,-0.057886
694,-0.523232,-0.0072425
695,-0.5194631,0.0037689
696,-0.434391,0.0850721
697,-0.4496764,-0.0152854
698,-0.332863,0.1168134
699,-0.4586383,-0.1257754
700,-0.285931,0.1727073
701,-0.2371006,0.0488304
702,-0.2556784,-0.0185778
703,-0.3807021,-0.1250237
704,-0.2762034,0.1044988
705,-0.2677584,0.008445
706,-0.2834232,-0.0156648
707,-0.1460221,0.137401
708,-0.1085256,0.0374965
709,-0.080086,0.0284396
710,-0.1063784,-0.0262924
711,-0.0405116,0.0658669
712,-0.1728517,-0.1323402
713,-0.1078276,0.0650242
714,-0.0827415,0.0250861
715,-0.1773342,-0.0945927
716,-0.2040315,-0.0266973
717,-0.3888147,-0.1847833
718,-0.3342922,0.0545225
719,-0.2162942,0.117998
720,-0.335712,-0.1194177
721,-0.2007724,0.1349396
722,-0.1729282,0.0278442
723,-0.2145555,-0.0416272
724,-0.263814,-0.0492585
725,-0.1747075,0.0891064
726,-0.329629,-0.1549215
727,-0.1829034,0.1467256
728,-0.253158,-0.0702546
729,-0.2760183,-0.0228603
730,-0.1338014,0.1422169
731,0.1083075,0.2421089
732,0.317259,0.2089515
733,-0.0584384,-0.3756974
734,-0.1265266,-0.0680882
735,-0.1616881,-0.0351615
736,-0.1772822,-0.0155941
737,-0.3562268,-0.1789446
738,-0.2692794,0.0869474
739,-0.3170434,-0.047764
740,-0.1750517,0.1419917
741,-0.1237572,0.0512945
742,-0.3213793,-0.1976221
743,-0.2225075,0.0988718
744,-0.204753,0.0177545
745,-0.0230858,0.1816673
746,0.0018412,0.024927
747,0.0229058,0.0210645
748,-0.040631,-0.0635368
749,-0.012978,0.0276531
750,-0.0182169,-0.0052389
751,0.1112779,0.1294948
752,-0.0006725,-0.1119504
753,0.2053748,0.2060472
754,0.1891607,-0.0162141
755,0.1218451,-0.0673156
756,0.0860868,-0.0357583
757,0.0638875,-0.0221993
758,0.1892757,0.1253882
759,0.273241,0.0839653
760,0.3550418,0.0818008
761,0.5194789,0.1644371
762,0.1871826,-0.3322963
763,0.2214924,0.0343097
764,0.2826232,0.0611309
765,0.3072045,0.0245813
766,0.3325699,0.0253654
767,0.4346874,0.1021176
768,0.5525495,0.117862
769,0.2490744,-0.3034751
770,0.1184556,-0.1306188
771,0.2704982,0.1520425
772,0.3036295,0.0331314
773,0.3736685,0.0700389
774,0.485007,0.1113385
775,0.5436984,0.0586914
776,0.5871529,0.0434545
777,0.6422814,0.0551285
778,0.7325872,0.0903058
779,0.8294351,0.0968478
780,0.8816329,0.0521979
781,0.8896009,0.0079679
782,0.9017318,0.012131
783,0.8767676,-0.0249643
784,0.8864091,0.0096415
785,1.003478,0.1170686
786,1.139813,0.1363354
787,0.9931036,-0.1467094
788,0.8924242,-0.1006794
789,1.027373,0.1349484
790,0.8749737,-0.1523989
791,1.103439,0.2284654
792,0.8682561,-0.235183
793,0.9898494,0.1215933
794,0.8953622,-0.0944872
795,0.6170248,-0.2783374
796,0.49071,-0.1263148
797,0.5150081,0.0242981
798,0.4340723,-0.0809358
799,0.3895236,-0.0445487
800,0.4554718,0.0659482
801,0.4202982,-0.0351737
802,0.4046406,-0.0156576
803,0.2777603,-0.1268803
804,0.3344898,0.0567295
805,0.4386048,0.104115
806,0.2997302,-0.1388747
807,0.3909718,0.0912417
808,0.4999697,0.1089979
809,0.5310696,0.0310999
810,0.4298758,-0.1011938
811,0.3424817,-0.0873941
812,0.4937815,0.1512998
813,0.299683,-0.1940985
814,0.2716985,-0.0279844
815,0.3914934,0.1197948
816,0.3178008,-0.0736925
817,0.2799577,-0.0378431
818,0.1526725,-0.1272853
819,0.1404976,-0.0121748
820,0.1617544,0.0212568
821,0.1306715,-0.0310829
822,-0.1449847,-0.2756563
823,-0.0331697,0.111815
824,-0.1353114,-0.1021417
825,-0.1884775,-0.053166
826,-0.01347,0.1750075
827,-0.0810343,-0.0675643
828,-0.2123946,-0.1313603
829,-0.0435316,0.1688629
830,0.0234525,0.0669842
831,-0.0958472,-0.1192997
832,-0.0898081,0.0060391
833,-0.1095568,-0.0197487
834,-0.2171915,-0.1076347
835,-0.0915819,0.1256096
836,-0.169819,-0.0782371
837,-0.2053882,-0.0355692
838,-0.1418497,0.0635385
839,-0.2339938,-0.0921441
840,-0.0630569,0.1709369
841,-0.1546358,-0.0915789
842,-0.3764661,-0.2218303
843,-0.3316378,0.0448283
844,-0.4420355,-0.1103977
845,-0.3608604,0.0811751
846,-0.4937507,-0.1328903
847,-0.4098857,0.083865
848,-0.4730829,-0.0631972
849,-0.4341277,0.0389552
850,-0.3573111,0.0768166
851,-0.5857521,-0.228441
852,-0.270246,0.3155061
853,-0.4958539,-0.2256079
854,-0.5007,-0.0048461
855,-0.4879963,0.0127037
856,-0.6438641,-0.1558678
857,-0.8038855,-0.1600214
858,-0.8749262,-0.0710407
859,-0.7362907,0.1386355
860,-0.7984012,-0.0621105
861,-0.8338994,-0.0354982
862,-0.8214657,0.0124337
863,-0.8033053,0.0181605
864,-0.7933748,0.0099305
865,-0.7638177,0.0295571
866,-0.8361155,-0.0722978
867,-0.8730768,-0.0369613
868,-0.9294468,-0.05637
869,-0.9535217,-0.0240749
870,-0.9084508,0.0450708
871,-0.9146771,-0.0062262
872,-0.9200478,-0.0053707
873,-0.8390969,0.0809509
874,-0.6669528,0.1721441
875,-0.4791096,0.1878432
876,-0.434537,0.0445727
877,-0.3246823,0.1098546
878,-0.4344918,-0.1098095
879,-0.315505,0.1189868
880,-0.4174283,-0.1019233
881,-0.5066037,-0.0891754
882,-0.522921,-0.0163172
883,-0.6581304,-0.1352094
884,-0.515642,0.1424884
885,-0.5068852,0.0087568
886,-0.4201352,0.0867501
887,-0.6226712,-0.2025361
888,-0.6848459,-0.0621747
889,-0.6840448,0.0008011
890,-0.7185043,-0.0344594
891,-0.7100449,0.0084594
892,-0.7752187,-0.0651739
893,-0.8049752,-0.0297565
894,-0.8042869,0.0006883
895,-0.7979261,0.0063608
896,-0.8371183,-0.0391921
897,-0.8429717,-0.0058535
898,-0.8667897,-0.023818
899,-0.7502004,0.1165893
900,-0.8131682,-0.0629678
901,-0.8421225,-0.0289543
902,-0.7559805,0.086142
903,-0.8246024,-0.0686219
904,-0.7962751,0.0283273
905,-0.9076298,-0.1113547
906,-0.8532518,0.054378
907,-0.809684,0.0435678
908,-0.9499021,-0.140218
909,-0.9431596,0.0067425
910,-0.922626,0.0205336
911,-0.9651012,-0.0424752
912,-0.9014934,0.0636078
913,-0.9808599,-0.0793665
914,-1.005936,-0.0250759
915,-1.030973,-0.0250368
916,-0.9252886,0.105684
917,-0.8627416,0.0625469
918,-0.9359949,-0.0732533
919,-0.6899968,0.2459981
920,-0.7071415,-0.0171447
921,-0.5946108,0.1125308
922,-0.6778744,-0.0832637
923,-0.663092,0.0147825
924,-0.4682369,0.1948551
925,-0.5578752,-0.0896383
926,-0.488668,0.0692072
927,-0.3816077,0.1070603
928,-0.4879552,-0.1063475
929,-0.4298679,0.0580873
930,-0.5102772,-0.0804093
931,-0.3316608,0.1786164
932,-0.4916458,-0.159985
933,-0.4244251,0.0672207
934,-0.6455124,-0.2210873
935,-0.5386044,0.106908
936,-0.5579022,-0.0192978
937,-0.5910774,-0.0331752
938,-0.4960611,0.0950163
939,-0.5215615,-0.0255004
940,-0.4557727,0.0657888
941,-0.5102699,-0.0544972
942,-0.4305401,0.0797298
943,-0.4532936,-0.0227535
944,-0.4582495,-0.0049559
945,-0.4793715,-0.021122
946,-0.4853283,-0.0059569
947,-0.3794795,0.1058488
948,-0.4190763,-0.0395968
949,-0.3435485,0.0755278
950,-0.1927724,0.1507761
951,-0.2543935,-0.0616211
952,-0.2621206,-0.0077271
953,-0.2781594,-0.0160388
954,-0.1831042,0.0950552
955,-0.1134195,0.0696846
956,-0.0342967,0.0791229
957,-0.0467918,-0.0124951
958,-0.0543634,-0.0075716
959,0.0571674,0.1115308
960,0.126082,0.0689146
961,0.1640593,0.0379773
962,0.1817826,0.0177233
963,0.1526089,-0.0291737
964,0.0506769,-0.101932
965,0.1196321,0.0689552
966,0.1623897,0.0427576
967,0.189586,0.0271963
968,0.2640335,0.0744475
969,0.2229002,-0.0411333
970,0.3355227,0.1126225
971,0.1584088,-0.1771139
972,0.2347766,0.0763678
973,0.2659192,0.0311425
974,0.2104214,-0.0554978
975,0.2786831,0.0682617
976,0.1662069,-0.1124762
977,0.058636,-0.1075709
978,-0.0565057,-0.1151418
979,-0.0004796,0.0560262
980,0.0631069,0.0635865
981,-0.0133454,-0.0764522
982,0.2053846,0.21873
983,0.1515047,-0.0538799
984,0.2260273,0.0745225
985,0.1070853,-0.118942
986,0.2732717,0.1661864
987,0.250037,-0.0232347
988,0.1712046,-0.0788324
989,0.2679577,0.0967532
990,0.2181635,-0.0497942
991,0.3158689,0.0977053
992,0.2738461,-0.0420227
993,0.302878,0.0290318
994,0.1625314,-0.1403465
995,0.179823,0.0172916
996,0.2982992,0.1184762
997,0.0689917,-0.2293074
998,0.2629971,0.1940054
999,0.0815812,-0.1814159
1000,0.1747175,0.0931363
1001,0.0131596,-0.1615579
1002,0.1374977,0.1243381
1003,0.1047895,-0.0327082
1004,0.1532609,0.0484714
1005,0.0513713,-0.1018895
1006,0.117761,0.0663897
1007,0.081009,-0.036752
1008,0.12571,0.044701
1009,0.2003272,0.0746172
1010,0.1158162,-0.0845111
1011,0.1922769,0.0764607
1012,0.0273331,-0.1649438
1013,0.0153086,-0.0120245
1014,0.0452207,0.0299121
1015,-0.0323146,-0.0775353
1016,0.0059854,0.0383
1017,-0.0833975,-0.089383
1018,-0.0148841,0.0685134
1019,-0.0136814,0.0012027
1020,0.0095275,0.0232089
1021,-0.1241731,-0.1337005
1022,0.0313889,0.155562
1023,-0.0435024,-0.0748912
1024,0.0029431,0.0464455
1025,-0.1607974,-0.1637405
1026,-0.1105777,0.0502197
1027,-0.2059278,-0.0953501
1028,-0.1477327,0.0581952
1029,-0.1214758,0.0262569
1030,0.0340825,0.1555583
1031,-0.0959309,-0.1300134
1032,-0.040329,0.055602
1033,0.0219226,0.0622516
1034,-0.3954657,-0.4173883
1035,-0.6541408,-0.258675
1036,-0.4619463,0.1921944
1037,-0.5347955,-0.0728491
1038,-0.4983079,0.0364875
1039,-0.5980375,-0.0997296
1040,-0.5679142,0.0301232
1041,-0.5454389,0.0224753
1042,-0.6383802,-0.0929413
1043,-0.5479584,0.0904219
1044,-0.5639484,-0.01599
1045,-0.6771097,-0.1131613
1046,-0.6837901,-0.0066804
1047,-0.6454658,0.0383244
1048,-0.5798057,0.0656601
1049,-0.6171576,-0.0373519
1050,-0.6202468,-0.0030892
1051,-0.5434732,0.0767736
1052,-0.5881413,-0.0446681
1053,-0.5553009,0.0328404
1054,-0.3884127,0.1668882
1055,-0.1315187,0.256894
1056,-0.3055178,-0.1739991
1057,-0.18874,0.1167778
1058,-0.1217172,0.0670227
1059,-0.1614523,-0.039735
1060,-0.2768764,-0.1154242
1061,-0.2450388,0.0318376
1062,-0.3343892,-0.0893504
1063,-0.4121431,-0.0777539
1064,-0.2106005,0.2015426
1065,-0.3130024,-0.1024019
1066,-0.3584763,-0.0454739
1067,-0.3780935,-0.0196173
1068,-0.3300138,0.0480797
1069,-0.4254507,-0.0954369
1070,-0.4347096,-0.0092588
1071,-0.458734,-0.0240244
1072,-0.4290096,0.0297244
1073,-0.4305359,-0.0015263
1074,-0.3422033,0.0883327
1075,-0.2940428,0.0481605
1076,-0.2832195,0.0108232
1077,-0.3090236,-0.025804
1078,-0.1919563,0.1170672
1079,-0.3244846,-0.1325283
1080,-0.3310873,-0.0066027
1081,-0.3282639,0.0028234
1082,-0.4276806,-0.0994167
1083,-0.3401875,0.087493
1084,-0.3728451,-0.0326575
1085,-0.3160848,0.0567602
1086,-0.4186669,-0.102582
1087,-0.3643679,0.054299
1088,-0.3638105,0.0005574
1089,-0.3231615,0.0406491
1090,-0.3220346,0.0011269
1091,-0.2328695,0.0891651
1092,-0.2255108,0.0073587
1093,-0.2224964,0.0030144
1094,-0.2861328,-0.0636364
1095,-0.3211385,-0.0350057
1096,-0.3086466,0.0124919
1097,-0.3161097,-0.0074632
1098,-0.2224298,0.0936799
1099,-0.2602176,-0.0377878
1100,-0.1863739,0.0738436
1101,-0.1808175,0.0055565
1102,-0.2549778,-0.0741604
1103,-0.3413267,-0.0863489
1104,-0.3575328,-0.0162061
1105,-0.2237194,0.1338134
1106,-0.2411151,-0.0173957
1107,-0.3235194,-0.0824043
1108,-0.3739077,-0.0503884
1109,-0.2981372,0.0757706
1110,-0.3088806,-0.0107434
1111,-0.2555218,0.0533587
1112,-0.2194972,0.0360247
1113,-0.248427,-0.0289298
1114,-0.1854072,0.0630198
1115,-0.2420313,-0.0566241
1116,-0.114695,0.1273362
1117,-0.1863046,-0.0716095
1118,-0.0196284,0.1666761
1119,-0.1375961,-0.1179676
1120,-0.0949863,0.0426097
1121,-0.0020037,0.0929826
1122,-0.0821295,-0.0801258
1123,-0.1620128,-0.0798833
1124,-0.3095794,-0.1475666
1125,-0.0824739,0.2271055
1126,-0.279338,-0.1968641
1127,-0.4628179,-0.1834799
1128,-0.4138575,0.0489604
1129,-0.4740329,-0.0601754
1130,-0.2974658,0.1765671
1131,-0.2058401,0.0916257
1132,-0.1960454,0.0097947
1133,-0.2739215,-0.0778762
1134,-0.2566282,0.0172933
1135,-0.4324575,-0.1758293
1136,-0.2689774,0.16348
1137,-0.2833212,-0.0143437
1138,-0.4295623,-0.1462411
1139,-0.4543991,-0.0248369
1140,-0.2941518,0.1602473
1141,-0.3921462,-0.0979944
1142,-0.4661655,-0.0740193
1143,-0.4200641,0.0461014
1144,-0.4436318,-0.0235676
1145,-0.4845426,-0.0409109
1146,-0.4843934,0.0001492
1147,-0.4574988,0.0268946
1148,-0.4064218,0.051077
1149,-0.516629,-0.1102072
1150,-0.3903825,0.1262465
1151,-0.4801272,-0.0897447
1152,-0.4228089,0.0573184
1153,-0.4170991,0.0057098
1154,-0.3962336,0.0208655
1155,-0.3180793,0.0781543
1156,-0.4984414,-0.1803621
1157,-0.2726829,0.2257585
1158,-0.2404155,0.0322674
1159,-0.3462821,-0.1058666
1160,-0.3990641,-0.052782
1161,-0.3810556,0.0180086
1162,-0.4072421,-0.0261865
1163,-0.3848818,0.0223603
1164,-0.2812272,0.1036546
1165,-0.3328998,-0.0516726
1166,-0.1809424,0.1519574
1167,-0.2792564,-0.098314
1168,-0.1465953,0.1326611
1169,-0.1520465,-0.0054513
1170,-0.1160235,0.0360231
1171,-0.1526376,-0.0366142
1172,-0.2554301,-0.1027925
1173,-0.1209984,0.1344317
1174,-0.0856459,0.0353525
1175,0.0148971,0.100543
1176,0.0101667,-0.0047304
1177,-0.2541208,-0.2642875
1178,-0.0739005,0.1802203
1179,-0.2723392,-0.1984387
1180,-0.1272288,0.1451104
1181,-0.0904358,0.036793
1182,-0.1942209,-0.103785
1183,-0.1634053,0.0308156
1184,-0.1247882,0.0386171
1185,-0.0445023,0.0802859
1186,-0.0865391,-0.0420368
1187,-0.1166614,-0.0301223
1188,-0.2208899,-0.1042285
1189,-0.3168839,-0.095994
1190,-0.1841058,0.1327781
1191,-0.1672776,0.0168282
1192,-0.3366856,-0.1694079
1193,-0.2764361,0.0602495
1194,-0.205744,0.0706921
1195,-0.2331553,-0.0274114
1196,-0.2193392,0.0138161
1197,-0.2339612,-0.0146219
1198,-0.5627962,-0.328835
1199,-0.6933871,-0.1305909
1200,-0.5435525,0.1498346
1201,-0.6089995,-0.065447
1202,-0.5857469,0.0232526
1203,-0.5806273,0.0051196
1204,-0.6386903,-0.058063
1205,-0.6560647,-0.0173745
1206,-0.64821,0.0078548
1207,-0.8135594,-0.1653494
1208,-0.7729289,0.0406305
1209,-0.950915,-0.1779861
1210,-0.7904339,0.1604811
1211,-0.738187,0.0522469
1212,-0.7769026,-0.0387156
1213,-0.8292778,-0.0523752
1214,-0.7174634,0.1118144
1215,-0.7246788,-0.0072154
1216,-0.792807,-0.0681282
1217,-0.862403,-0.0695961
1218,-0.9259598,-0.0635568
1219,-0.8185019,0.1074579
1220,-0.7396088,0.0788931
1221,-0.5838033,0.1558055
1222,-0.6822747,-0.0984714
1223,-0.5033573,0.1789174
1224,-0.6109235,-0.1075662
1225,-0.4388461,0.1720774
1226,-0.488701,-0.0498549
1227,-0.5791379,-0.0904369
1228,-0.478233,0.1009048
1229,-0.5099647,-0.0317317
1230,-0.4484062,0.0615585
1231,-0.4417758,0.0066304
1232,-0.4810266,-0.0392509
1233,-0.5054376,-0.024411
1234,-0.6329056,-0.127468
1235,-0.5398411,0.0930645
1236,-0.5032997,0.0365415
1237,-0.6504076,-0.1471079
1238,-0.5881143,0.0622933
1239,-0.4979246,0.0901896
1240,-0.4995314,-0.0016067
1241,-0.4357826,0.0637488
1242,-0.4182925,0.0174901
1243,-0.4013169,0.0169756
1244,-0.4026456,-0.0013287
1245,-0.3394853,0.0631602
1246,-0.2985767,0.0409086
1247,-0.3026502,-0.0040735
1248,-0.2765573,0.026093
1249,-0.2425713,0.033986
1250,-0.2621664,-0.0195951
1251,-0.2972336,-0.0350672
1252,-0.225228,0.0720056
1253,-0.143725,0.081503
1254,-0.1296316,0.0140933
1255,-0.0963205,0.0333111
1256,0.0425782,0.1388987
1257,-0.211327,-0.2539051
1258,-0.1559285,0.0553984
1259,-0.0936807,0.0622479
1260,-0.1075992,-0.0139185
1261,0.0449624,0.1525615
1262,0.1979587,0.1529963
1263,0.215863,0.0179043
1264,0.2949353,0.0790724
1265,0.6125882,0.3176529
1266,0.8297815,0.2171934
1267,0.8321248,0.0023433
1268,1.013113,0.1809887
1269,1.233257,0.2201434
1270,0.9989403,-0.2343166
1271,1.249789,0.2508489
1272,1.075345,-0.1744447
1273,0.9481772,-0.1271673
1274,1.066435,0.1182575
1275,1.026791,-0.0396435
1276,1.220675,0.1938838
1277,1.036662,-0.184013
1278,1.13725,0.1005883
1279,1.116546,-0.0207046
1280,1.079869,-0.036677
1281,1.011794,-0.0680745
1282,1.002998,-0.0087961
1283,1.042943,0.0399446
1284,1.120036,0.0770929
1285,1.153872,0.0338366
1286,1.048384,-0.1054879
1287,1.14426,0.0958756
1288,1.102449,-0.0418111
1289,1.10606,0.0036112
1290,1.124737,0.0186772
1291,1.048037,-0.0767003
1292,0.9589437,-0.0890932
1293,1.06447,0.1055262
1294,1.027659,-0.0368109
1295,0.9406554,-0.0870037
1296,0.8259298,-0.1147255
1297,0.8829947,0.0570648
1298,0.6088394,-0.2741553
1299,0.5933177,-0.0155216
1300,0.7876161,0.1942984
1301,0.7413601,-0.0462561
1302,0.6692858,-0.0720742
1303,0.6860706,0.0167848
1304,0.6513189,-0.0347517
1305,0.7097523,0.0584334
1306,0.7602117,0.0504594
1307,0.6785345,-0.0816772
1308,0.7472273,0.0686927
1309,0.7249305,-0.0222968
1310,0.6973382,-0.0275922
1311,0.6216723,-0.075666
1312,0.7926393,0.170967
1313,0.7111129,-0.0815263
1314,0.7599705,0.0488576
1315,0.4506123,-0.3093582
1316,0.5288377,0.0782254
1317,0.2406423,-0.2881954
1318,0.4457104,0.2050681
1319,0.3590129,-0.0866975
1320,0.300487,-0.0585259
1321,0.2763256,-0.0241614
1322,0.2738706,-0.002455
1323,0.2097901,-0.0640805
1324,0.2336222,0.0238321
1325,0.0822503,-0.1513719
1326,0.0092028,-0.0730475
1327,0.2553854,0.2461826
1328,0.2842483,0.0288629
1329,0.3267136,0.0424653
1330,0.249555,-0.0771586
1331,0.104548,-0.145007
1332,0.1805701,0.076022
1333,0.2392824,0.0587123
1334,0.2264459,-0.0128365
1335,0.0547269,-0.171719
1336,-0.1272926,-0.1820195
1337,-0.1124812,0.0148113
1338,-0.1984825,-0.0860013
1339,-0.1202401,0.0782424
1340,-0.0797143,0.0405258
1341,-0.0267965,0.0529178
1342,0.1057145,0.132511
1343,0.1572213,0.0515068
1344,0.0232235,-0.1339978
1345,0.2127687,0.1895452
1346,0.1683499,-0.0444187
1347,0.2302131,0.0618632
1348,0.272508,0.0422948
1349,0.1936448,-0.0788632
1350,0.3172309,0.1235861
1351,0.1047948,-0.2124361
1352,0.0997842,-0.0050106
1353,0.1795703,0.0797861
1354,0.2186243,0.039054
1355,0.0118908,-0.2067335
1356,-0.0109665,-0.0228573
1357,0.1419017,0.1528682
1358,-0.0383535,-0.1802552
1359,0.0116829,0.0500365
1360,-0.1507413,-0.1624243
1361,-0.1967735,-0.0460322
1362,-0.132178,0.0645955
1363,-0.04678,0.085398
1364,0.016051,0.0628309
1365,0.0415263,0.0254753
1366,0.0815514,0.0400251
1367,0.0923627,0.0108113
1368,-0.1200668,-0.2124296
1369,-0.0106048,0.109462
1370,0.0578515,0.0684563
1371,-0.1177854,-0.1756369
1372,-0.0160641,0.1017213
1373,-0.0152613,0.0008029
1374,-0.168536,-0.1532747
1375,-0.1265042,0.0420318
1376,-0.1762886,-0.0497844
1377,-0.0814026,0.094886
1378,-0.1736648,-0.0922622
1379,-0.0594462,0.1142186
1380,-0.258431,-0.1989848
1381,-0.3858676,-0.1274365
1382,-0.3890038,-0.0031362
1383,-0.3956594,-0.0066557
1384,-0.4074265,-0.0117671
1385,-0.3473506,0.0600759
1386,-0.4476916,-0.100341
1387,-0.4760394,-0.0283478
1388,-0.5285928,-0.0525534
1389,-0.6091555,-0.0805628
1390,-0.6275982,-0.0184427
1391,-0.6948605,-0.0672623
1392,-0.6620598,0.0328007
1393,-0.6742535,-0.0121937
1394,-0.701736,-0.0274825
1395,-0.7531619,-0.0514259
1396,-0.7324267,0.0207352
1397,-0.7802544,-0.0478277
1398,-0.7677014,0.012553
1399,-0.8368775,-0.0691761
1400,-0.8002458,0.0366317
1401,-0.8773996,-0.0771539
1402,-0.9277962,-0.0503966
1403,-0.91821,0.0095862
1404,-0.9972674,-0.0790574
1405,-0.9632337,0.0340337
1406,-0.9259639,0.0372698
1407,-0.9475102,-0.0215463
1408,-0.981829,-0.0343187
1409,-1.027323,-0.0454937
1410,-1.068964,-0.0416416
1411,-1.059382,0.009582
1412,-1.10135,-0.0419681
1413,-1.089874,0.011476
1414,-1.175282,-0.0854073
1415,-1.228045,-0.0527631
1416,-1.245936,-0.0178913
1417,-1.275498,-0.0295622
1418,-1.196039,0.0794588
1419,-1.125792,0.0702477
1420,-1.20426,-0.0784688
1421,-1.180094,0.0241662
1422,-1.164209,0.0158857
1423,-1.169387,-0.0051787
1424,-1.233904,-0.0645164
1425,-1.224442,0.0094621
1426,-1.188646,0.0357952
1427,-1.20628,-0.0176339
1428,-1.233674,-0.0273941
1429,-1.25697,-0.0232961
1430,-1.216148,0.0408219
1431,-1.204172,0.011977
1432,-1.265684,-0.0615122
1433,-1.205118,0.0605662
1434,-1.255326,-0.0502082
1435,-1.210661,0.0446645
1436,-1.221829,-0.0111681
1437,-1.144398,0.0774316
1438,-1.17505,-0.0306525
1439,-1.218282,-0.0432314
1440,-1.194881,0.0234007
1441,-1.120288,0.0745928
1442,-1.125253,-0.0049644
1443,-1.144982,-0.0197289
1444,-1.169747,-0.0247654
1445,-1.138129,0.0316181
1446,-1.202783,-0.0646538
1447,-1.17583,0.0269527
1448,-1.23154,-0.0557106
1449,-1.215501,0.0160396
1450,-1.189402,0.0260987
1451,-1.157761,0.0316409
1452,-1.289177,-0.1314158
1453,-1.270289,0.0188884
1454,-1.2954,-0.0251117
1455,-1.310833,-0.0154332
1456,-1.313496,-0.0026623
1457,-1.267102,0.046394
1458,-1.369442,-0.1023402
1459,-1.389163,-0.0197206
1460,-1.41303,-0.0238674
1461,-1.501231,-0.0882012
1462,-1.584515,-0.0832837
1463,-1.490686,0.0938288
1464,-1.455613,0.0350733
1465,-1.456143,-0.0005305
1466,-1.439356,0.0167874
1467,-1.461607,-0.0222512
1468,-1.446828,0.0147792
1469,-1.429619,0.0172086
1470,-1.439108,-0.0094892
1471,-1.408378,0.0307301
1472,-1.425418,-0.0170398
1473,-1.418542,0.0068762
1474,-1.418725,-0.0001827
1475,-1.433453,-0.0147281
1476,-1.44591,-0.0124569
1477,-1.444849,0.00106
1478,-1.455447,-0.0105972
1479,-1.445013,0.010434
1480,-1.403674,0.0413388
1481,-1.405748,-0.0020742
1482,-1.413563,-0.0078148
1483,-1.4316,-0.0180376
1484,-1.432645,-0.001045
1485,-1.441988,-0.0093426
1486,-1.337132,0.1048564
1487,-1.344919,-0.0077875
1488,-1.371716,-0.0267965
1489,-1.364295,0.0074209
1490,-1.340666,0.0236282
1491,-1.312054,0.0286121
1492,-1.296611,0.0154431
1493,-1.286393,0.0102178
1494,-1.26462,0.0217736
1495,-1.125967,0.1386533
1496,-1.208769,-0.0828029
1497,-1.124962,0.0838073
1498,-1.242812,-0.1178495
1499,-1.127453,0.1153589
1500,-1.134997,-0.0075448
1501,-1.069365,0.0656321
1502,-1.09684,-0.0274743
1503,-0.9670882,0.1297514
1504,-0.9253796,0.0417086
1505,-1.063008,-0.1376283
1506,-1.023951,0.0390567
1507,-1.095903,-0.0719517
1508,-0.9791837,0.1167192
1509,-1.124478,-0.1452947
1510,-1.099918,0.02456
1511,-1.167959,-0.0680408
1512,-1.103826,0.0641334
1513,-1.168933,-0.0651076
1514,-1.113439,0.0554941
1515,-1.070436,0.0430032
1516,-1.157026,-0.0865895
1517,-1.222296,-0.0652708
1518,-1.236861,-0.0145648
1519,-1.263524,-0.0266627
1520,-1.656031,-0.3925077
1521,-1.66211,-0.0060782
1522,-1.673708,-0.0115982
1523,-1.661753,0.0119549
1524,-1.6589,0.002853
1525,-1.664672,-0.0057724
1526,-1.642462,0.0222108
1527,-1.632153,0.0103083
1528,-1.633101,-0.000948
1529,-1.673883,-0.0407814
1530,-1.646735,0.0271472
1531,-1.687669,-0.0409334
1532,-1.705864,-0.018195
1533,-1.687502,0.0183616
1534,-1.682653,0.0048493
1535,-1.687423,-0.0047697
1536,-1.702108,-0.0146849
1537,-1.711034,-0.0089266
1538,-1.735688,-0.024654
1539,-1.748266,-0.0125778
1540,-1.752589,-0.004323
1541,-1.714235,0.0383539
1542,-1.713203,0.0010316
1543,-1.685642,0.0275612
1544,-1.714812,-0.0291699
1545,-1.705144,0.009668
1546,-1.716054,-0.0109102
1547,-1.697064,0.0189899
1548,-1.709001,-0.0119363
1549,-1.718146,-0.0091451
1550,-1.728889,-0.0107435
1551,-1.717057,0.0118325
1552,-1.728272,-0.0112151
1553,-1.725225,0.0030468
1554,-1.73129,-0.0060644
1555,-1.728587,0.002703
1556,-1.740243,-0.0116568
1557,-1.742583,-0.0023391
1558,-1.740443,0.0021399
1559,-1.741714,-0.0012716
1560,-1.738315,0.0033996
1561,-1.727297,0.0110178
1562,-1.734859,-0.0075623
1563,-1.737867,-0.0030084
1564,-1.743295,-0.0054276
1565,-1.728998,0.0142975
1566,-1.746903,-0.0179054
1567,-1.750933,-0.0040299
1568,-1.737647,0.0132854
1569,-1.734899,0.0027483
1570,-1.733959,0.0009403
1571,-1.756976,-0.0230168
1572,-1.759147,-0.0021715
1573,-1.764251,-0.0051042
1574,-1.772174,-0.007923
1575,-1.771926,0.0002487
1576,-1.771079,0.000847
1577,-1.765737,0.0053415
1578,-1.770675,-0.0049381
1579,-1.749282,0.0213938
1580,-1.762257,-0.0129756
1581,-1.768795,-0.006538
1582,-1.717057,0.0517386
1583,-1.776101,-0.0590446
1584,-1.749788,0.0263129
1585,-1.753037,-0.0032492
1586,-1.747154,0.0058835
1587,-1.752645,-0.0054915
1588,-1.764145,-0.0114996
1589,-1.771019,-0.0068744
1590,-1.739641,0.031378
1591,-1.747913,-0.0082711
1592,-1.752601,-0.0046887
1593,-1.75024,0.0023609
1594,-1.756187,-0.0059469
1595,-1.761109,-0.0049213
1596,-1.763151,-0.0020428
1597,-1.745485,0.017666
1598,-1.695773,0.0497128
1599,-1.692165,0.003608
1600,-1.70967,-0.017505
1601,-1.762926,-0.0532565
1602,-1.746949,0.0159769
1603,-1.561459,0.1854906
1604,-1.605887,-0.0444286
1605,-1.606154,-0.0002671
1606,-1.601923,0.0042312
1607,-1.589769,0.0121542
1608,-1.580588,0.0091807
1609,-1.586868,-0.0062798
1610,-1.591055,-0.0041866
1611,-1.579984,0.011071
1612,-1.587975,-0.0079908
1613,-1.570667,0.0173074
1614,-1.545731,0.0249357
1615,-1.591625,-0.0458933
1616,-1.572542,0.0190829
1617,-1.541682,0.0308598
1618,-1.577266,-0.0355841
1619,-1.575717,0.0015492
1620,-1.60722,-0.0315036
1621,-1.578053,0.0291672
1622,-1.598261,-0.0202081
1623,-1.591535,0.0067259
1624,-1.516086,0.0754491
1625,-1.520825,-0.0047382
1626,-1.524201,-0.0033766
1627,-1.532477,-0.0082763
1628,-1.524412,0.0080658
1629,-1.509887,0.0145246
1630,-1.538796,-0.0289091
1631,-1.530648,0.0081484
1632,-1.554152,-0.0235047
1633,-1.546162,0.0079901
1634,-1.56664,-0.0204778
1635,-1.551291,0.0153488
1636,-1.533453,0.0178384
1637,-1.567347,-0.0338938
1638,-1.553475,0.0138721
1639,-1.57321,-0.0197353
1640,-1.55773,0.0154802
1641,-1.544831,0.0128993
1642,-1.579704,-0.0348735
1643,-1.568228,0.011476
1644,-1.54416,0.0240682
1645,-1.541042,0.0031182
1646,-1.484156,0.0568855
1647,-1.43627,0.0478859
1648,-1.454779,-0.0185083
1649,-1.417648,0.0371307
1650,-1.432949,-0.0153013
1651,-1.393193,0.0397565
1652,-1.406488,-0.0132955
1653,-1.370819,0.0356694
1654,-1.419545,-0.0487261
1655,-1.367956,0.0515891
1656,-1.415813,-0.0478578
1657,-1.395774,0.020039
1658,-1.352142,0.0436323
1659,-1.324037,0.0281056
1660,-1.375161,-0.051124
1661,-1.360886,0.014275
1662,-1.380914,-0.0200288
1663,-1.356718,0.024196
1664,-1.383764,-0.0270456
1665,-1.377853,0.0059108
1666,-1.398597,-0.0207441
1667,-1.410247,-0.0116497
1668,-1.449683,-0.039436
1669,-1.502429,-0.0527457
1670,-1.432043,0.0703862
1671,-1.462897,-0.030854
1672,-1.472496,-0.0095996
1673,-1.469806,0.0026904
1674,-1.451018,0.0187876
1675,-1.535435,-0.0844167
1676,-1.496471,0.0389638
1677,-1.493198,0.003273
1678,-1.538587,-0.0453894
1679,-1.519952,0.0186357
1680,-1.502911,0.0170407
1681,-1.568112,-0.0652014
1682,-1.555001,0.0131112
1683,-1.525565,0.0294361
1684,-1.521571,0.0039941
1685,-1.560752,-0.0391806
1686,-1.545409,0.0153425
1687,-1.559944,-0.0145351
1688,-1.566034,-0.00609
1689,-1.570613,-0.0045785
1690,-1.501039,0.0695738
1691,-1.527484,-0.0264453
1692,-1.494339,0.033145
1693,-1.488828,0.0055112
1694,-1.520113,-0.0312852
1695,-1.538166,-0.0180523
1696,-1.510611,0.0275542
1697,-1.514285,-0.0036733
1698,-1.456483,0.0578016
1699,-1.511768,-0.0552846
1700,-1.513345,-0.0015773
1701,-1.466364,0.0469813
1702,-1.535684,-0.0693198
1703,-1.519378,0.0163053
1704,-1.561727,-0.0423486
1705,-1.494265,0.067462
1706,-1.567724,-0.0734595
1707,-1.573782,-0.0060576
1708,-1.581189,-0.0074067
1709,-1.567066,0.0141222
1710,-1.591861,-0.0247942
1711,-1.562104,0.0297563
1712,-1.585799,-0.0236949
1713,-1.558584,0.0272151
1714,-1.509753,0.0488313
1715,-1.541628,-0.0318756
1716,-1.629261,-0.0876329
1717,-1.584439,0.0448222
1718,-1.587502,-0.0030627
1719,-1.536261,0.0512403
1720,-1.566233,-0.0299715
1721,-1.558887,0.0073459
1722,-1.611355,-0.0524684
1723,-1.576768,0.034587
1724,-1.555124,0.0216446
1725,-1.572286,-0.0171621
1726,-1.578565,-0.0062791
1727,-1.554945,0.0236205
1728,-1.515346,0.0395982
1729,-1.497011,0.0183352
1730,-1.408026,0.0889852
1731,-1.400035,0.0079911
1732,-1.383534,0.0165007
1733,-1.395457,-0.0119232
1734,-1.431732,-0.0362751
1735,-1.345054,0.0866781
1736,-1.365716,-0.0206612
1737,-1.41809,-0.052374
1738,-1.426316,-0.0082268
1739,-1.429411,-0.0030951
1740,-1.433414,-0.0040027
1741,-1.423091,0.0103232
1742,-1.374683,0.0484078
1743,-1.391139,-0.0164562
1744,-1.409277,-0.0181378
1745,-1.362472,0.0468056
1746,-1.284345,0.0781265
1747,-1.189628,0.0947173
1748,-1.292011,-0.1023834
1749,-1.225414,0.0665967
1750,-1.098448,0.126966
1751,-0.9186016,0.1798468
1752,-1.049811,-0.1312097
1753,-1.055961,-0.0061495
1754,-1.026602,0.0293591
1755,-1.01906,0.0075423
1756,-1.009607,0.0094523
1757,-1.027948,-0.0183411
1758,-0.9919648,0.0359835
1759,-0.992679,-0.0007142
1760,-0.9288718,0.0638072
1761,-1.009322,-0.0804502
1762,-1.003009,0.0063134
1763,-1.028381,-0.0253724
1764,-0.9758033,0.0525777
1765,-1.057869,-0.0820659
1766,-0.9858558,0.0720134
1767,-1.022298,-0.0364423
1768,-0.9332603,0.0890378
1769,-0.9615222,-0.028262
1770,-0.962586,-0.0010638
1771,-1.055369,-0.0927828
1772,-1.111099,-0.0557305
1773,-1.046599,0.0645005
1774,-1.077572,-0.030973
1775,-0.9291935,0.1483783
1776,-0.8430782,0.0861153
1777,-0.9301772,-0.087099
1778,-0.753518,0.1766591
1779,-0.6840309,0.0694872
1780,-0.7959068,-0.111876
1781,-0.7668653,0.0290415
1782,-0.7201865,0.0466788
1783,-0.8066785,-0.0864921
1784,-0.672928,0.1337506
1785,-0.6842688,-0.0113409
1786,-0.5936798,0.090589
1787,-0.5340807,0.0595991
1788,-0.5868817,-0.052801
1789,-0.6604906,-0.0736089
1790,-0.601795,0.0586957
1791,-0.643024,-0.0412291
1792,-0.6030529,0.0399711
1793,-0.5413711,0.0616818
1794,-0.5529607,-0.0115896
1795,-0.6072803,-0.0543196
1796,-0.4624275,0.1448528
1797,-0.5135441,-0.0511167
1798,-0.5157565,-0.0022123
1799,-0.5450321,-0.0292756
1800,-0.5507622,-0.0057302
1801,-0.4940552,0.056707
1802,-0.5120573,-0.0180021
1803,-0.4314803,0.080577
1804,-0.3643518,0.0671285
1805,-0.402707,-0.0383552
1806,-0.3847552,0.0179518
1807,-0.3819309,0.0028242
1808,-0.3363039,0.045627
1809,-0.6842669,-0.347963
1810,-0.4843681,0.1998988
1811,-0.3544669,0.1299011
1812,-0.3481389,0.006328
1813,-0.2120761,0.1360628
1814,-0.2397419,-0.0276658
1815,-0.2030032,0.0367387
1816,-0.1355812,0.0674221
1817,-0.0604061,0.0751751
1818,-0.2786176,-0.2182115
1819,-0.2589412,0.0196764
1820,-0.2114512,0.0474899
1821,-0.1991225,0.0123288
1822,-0.1493521,0.0497703
1823,-0.178616,-0.0292639
1824,-0.1571565,0.0214596
1825,-0.1582682,-0.0011117
1826,-0.0874419,0.0708263
1827,-0.0889722,-0.0015303
1828,-0.0965785,-0.0076063
1829,-0.1604881,-0.0639096
1830,-0.1609046,-0.0004165
1831,-0.3994176,-0.2385131
1832,-0.1936046,0.205813
1833,-0.0754673,0.1181374
1834,-0.2759615,-0.2004942
1835,-0.2867733,-0.0108118
1836,-0.2172577,0.0695156
1837,-0.1217327,0.095525
1838,-0.1729455,-0.0512128
1839,-0.2626278,-0.0896822
1840,-0.2767961,-0.0141684
1841,-0.1209919,0.1558042
1842,-0.1894152,-0.0684233
1843,-0.1006521,0.0887632
1844,-0.1821503,-0.0814983
1845,0.0243968,0.2065471
1846,0.1185353,0.0941385
1847,0.1074026,-0.0111327
1848,0.1207289,0.0133263
1849,0.2041431,0.0834142
1850,0.2395268,0.0353837
1851,0.2812999,0.0417732
1852,0.2143904,-0.0669095
1853,0.3360776,0.1216871
1854,0.2316568,-0.1044208
1855,0.2831876,0.0515308
1856,0.2662672,-0.0169204
1857,0.3797868,0.1135197
1858,0.3118566,-0.0679302
1859,0.169875,-0.1419816
1860,0.2831675,0.1132925
1861,0.144829,-0.1383385
1862,0.0909275,-0.0539014
1863,0.2160877,0.1251601
1864,0.1488709,-0.0672168
1865,0.2755762,0.1267054
1866,0.2443563,-0.03122
1867,0.2778721,0.0335159
1868,0.2449332,-0.0329389
1869,0.1598867,-0.0850465
1870,0.1319774,-0.0279093
1871,0.2669618,0.1349844
1872,0.2685993,0.0016375
1873,0.1661624,-0.1024369
1874,0.3389899,0.1728275
1875,0.1679377,-0.1710522
1876,0.0572768,-0.1106608
1877,0.2506624,0.1933856
1878,0.316171,0.0655086
1879,0.3023006,-0.0138704
1880,0.2766374,-0.0256632
1881,0.3552912,0.0786539
1882,0.4097245,0.0544332
1883,0.5293124,0.1195879
1884,0.3614203,-0.1678921
1885,0.5768623,0.215442
1886,0.5174539,-0.0594084
1887,0.482168,-0.0352859
1888,0.6791844,0.1970164
1889,0.5063921,-0.1727923
1890,0.4311046,-0.0752876
1891,0.539523,0.1084184
1892,0.4235084,-0.1160146
1893,0.3773439,-0.0461645
1894,0.3489295,-0.0284144
1895,0.3804092,0.0314797
1896,0.3925661,0.0121569
1897,0.3884634,-0.0041026
1898,0.4790295,0.0905661
1899,0.3512187,-0.1278108
1900,0.2863916,-0.0648271
1901,0.3677904,0.0813988
1902,0.5594034,0.191613
1903,0.8435791,0.2841757
1904,0.8132623,-0.0303168
1905,0.856396,0.0431337
1906,0.8832396,0.0268435
1907,0.9519227,0.0686831
1908,0.7965803,-0.1553424
1909,0.8214968,0.0249165
1910,0.865637,0.0441402
1911,0.9199693,0.0543323
1912,0.8499104,-0.0700589
1913,0.8414858,-0.0084246
1914,0.8028178,-0.038668
1915,0.721952,-0.0808659
1916,0.5321015,-0.1898505
1917,0.5115758,-0.0205257
1918,0.4435561,-0.0680197
1919,0.3970771,-0.046479
1920,0.4371891,0.040112
1921,0.5368878,0.0996988
1922,0.4907437,-0.0461441
1923,0.6427405,0.1519969
1924,0.6321557,-0.0105849
1925,0.8397858,0.2076302
1926,0.7123665,-0.1274194
1927,0.7551783,0.0428119
1928,0.636652,-0.1185263
1929,0.6711437,0.0344917
1930,0.6869754,0.0158317
1931,0.7709793,0.084004
1932,0.693292,-0.0776873
1933,0.7070693,0.0137773
1934,0.7394343,0.032365
1935,0.5499918,-0.1894425
1936,0.6225239,0.0725321
1937,0.6311537,0.0086298
1938,0.4750058,-0.1561479
1939,0.6636219,0.1886161
1940,0.6786356,0.0150137
1941,0.5357576,-0.142878
1942,0.674002,0.1382444
1943,0.6242045,-0.0497975
1944,0.2899979,-0.3342066
1945,0.370269,0.0802712
1946,0.5095368,0.1392678
1947,0.5784812,0.0689444
